Date,Title,Body
1/1/11,,
1/9/11,,
1/10/11,,
1/3/11,,
1/7/11,,
1/12/11,,
1/11/11,,
1/8/11,,
1/6/11,,
1/4/11,,
1/14/11,,
1/16/11,,
1/13/11,,
1/17/11,,
1/18/11,,
1/19/11,,
1/21/11,,
1/20/11,,
1/23/11,,
1/24/11,,
1/27/11,,
1/26/11,,
1/28/11,,
1/29/11,,
1/30/11,,
1/31/11,,
2/2/11,,
2/3/11,,
2/5/11,,
2/6/11,,
2/7/11,,
2/8/11,,
2/9/11,,
1/2/11,,
2/11/11,,
2/12/11,,
1/15/11,,
2/13/11,,
2/14/11,,
2/15/11,,
2/4/11,,
2/16/11,,
1/5/11,,
2/17/11,,
2/19/11,,
2/18/11,,
2/1/11,,
2/21/11,,
2/23/11,,
2/24/11,,
2/25/11,,
2/26/11,,
2/28/11,,
1/22/11,,
02/30/2011,,
02/31/2011,,
3/2/11,,
3/3/11,,
3/4/11,,
3/5/11,,
1/25/11,,
3/6/11,,
3/7/11,,
3/8/11,,
02/29/2011,,
3/10/11,,
3/12/11,,
3/1/11,,
2/10/11,,
3/13/11,,
3/14/11,,
3/15/11,,
3/16/11,,
3/18/11,,
3/19/11,,
3/21/11,,
3/22/11,,
3/23/11,,
3/24/11,,
2/27/11,,
3/25/11,,
3/27/11,,
3/28/11,,
3/29/11,,
3/26/11,,
3/30/11,,
3/11/11,,
4/2/11,,
3/20/11,,
4/4/11,,
4/5/11,,
4/6/11,,
4/7/11,,
4/8/11,,
4/9/11,,
2/22/11,,
2/20/11,,
4/10/11,,
4/13/11,,
4/14/11,,
4/12/11,,
3/9/11,,
3/17/11,,
4/15/11,,
4/19/11,,
4/17/11,,
4/18/11,,
4/16/11,,
4/20/11,,
4/21/11,,
4/22/11,,
4/24/11,,
4/25/11,,
4/23/11,,
4/26/11,,
3/31/11,,
4/28/11,,
4/27/11,,
4/29/11,,
4/30/11,,
04/31/2011,,
5/2/11,,
5/3/11,,
5/5/11,,
5/6/11,,
5/8/11,,
5/9/11,,
5/11/11,,
5/12/11,,
5/4/11,,
5/13/11,,
5/15/11,,
4/1/11,,
5/14/11,,
5/18/11,,
5/19/11,,
5/20/11,,
5/21/11,,
5/17/11,,
5/10/11,,
5/24/11,,
5/16/11,,
5/25/11,,
5/26/11,,
5/27/11,,
5/28/11,,
5/22/11,,
5/31/11,,
6/1/11,,
5/30/11,,
4/3/11,,
6/4/11,,
6/5/11,,
5/23/11,,
6/6/11,,
6/7/11,,
5/1/11,,
6/10/11,,
6/3/11,,
6/12/11,,
6/11/11,,
6/14/11,,
6/15/11,,
6/16/11,,
6/13/11,,
6/17/11,,
6/19/11,,
6/20/11,,
6/18/11,,
6/21/11,,
6/23/11,,
6/24/11,,
6/25/11,,
6/26/11,,
6/27/11,,
6/28/11,,
6/29/11,,
6/9/11,,
6/30/11,,
7/1/11,,
7/2/11,,
7/3/11,,
7/4/11,,
7/5/11,,
6/22/11,,
7/6/11,,
7/7/11,,
7/8/11,,
7/10/11,,
7/11/11,,
4/11/11,,
7/12/11,,
7/13/11,,
7/15/11,,
7/16/11,,
06/31/2011,,
7/18/11,,
7/14/11,,
7/19/11,,
7/21/11,,
7/20/11,,
7/9/11,,
6/8/11,,
6/2/11,,
7/22/11,,
7/24/11,,
7/26/11,,
7/27/11,,
7/28/11,,
7/25/11,,
7/31/11,,
8/1/11,,
8/2/11,,
8/3/11,,
8/4/11,,
8/5/11,,
8/6/11,,
8/7/11,,
5/7/11,,
8/10/11,,
7/23/11,,
5/29/11,,
8/12/11,,
8/13/11,,
7/30/11,,
8/14/11,,
8/16/11,,
8/17/11,,
8/15/11,,
8/8/11,,
8/18/11,,
8/19/11,,
8/20/11,,
8/21/11,,
8/22/11,,
8/23/11,,
8/26/11,,
8/9/11,,
8/25/11,,
8/27/11,,
8/24/11,,
8/28/11,,
8/29/11,,
8/30/11,,
8/31/11,,
9/1/11,,
9/3/11,,
9/4/11,,
9/6/11,,
9/7/11,,
9/8/11,,
9/9/11,,
9/11/11,,
9/2/11,,
9/10/11,,
9/12/11,,
9/14/11,,
9/15/11,,
9/16/11,,
9/18/11,,
9/20/11,,
9/13/11,,
9/22/11,,
9/23/11,,
7/29/11,,
9/24/11,,
9/25/11,,
9/26/11,,
9/27/11,,
9/29/11,,
7/17/11,,
9/5/11,,
9/28/11,,
09/31/2011,,
10/1/11,,
9/30/11,,
10/2/11,,
10/5/11,,
10/3/11,,
10/6/11,,
10/4/11,,
10/8/11,,
10/10/11,,
10/11/11,,
10/12/11,,
10/13/11,,
10/14/11,,
10/15/11,,
10/16/11,,
10/18/11,,
10/19/11,,
10/17/11,,
9/17/11,,
9/19/11,,
10/9/11,,
8/11/11,,
10/22/11,,
10/21/11,,
10/27/11,,
10/28/11,,
10/29/11,,
10/26/11,,
10/25/11,,
10/31/11,,
10/7/11,,
11/1/11,,
11/2/11,,
11/3/11,,
11/4/11,,
11/5/11,,
11/6/11,,
11/7/11,,
11/9/11,,
11/10/11,,
11/11/11,,
10/20/11,,
9/21/11,,
11/14/11,,
11/15/11,,
11/16/11,,
11/18/11,,
11/19/11,,
11/20/11,,
11/21/11,,
11/22/11,,
10/30/11,,
10/23/11,,
10/24/11,,
11/23/11,,
11/26/11,,
11/25/11,,
11/24/11,,
11/29/11,,
11/28/11,,
11/17/11,,
11/31/2011,,
12/1/11,,
12/2/11,,
12/3/11,,
12/4/11,,
11/8/11,,
12/8/11,,
12/7/11,,
12/9/11,,
12/10/11,,
12/11/11,,
12/12/11,,
12/13/11,,
11/13/11,,
12/14/11,,
11/12/11,,
11/27/11,,
12/19/11,,
12/20/11,,
12/18/11,,
11/30/11,,
12/16/11,,
12/15/11,,
12/21/11,,
12/23/11,,
12/26/11,,
12/25/11,,
12/27/11,,
12/29/11,,
12/30/11,,
12/31/11,,
12/24/11,,
12/6/11,,
12/5/11,,
1/4/12,,
1/3/12,,
1/6/12,,
1/7/12,,
1/8/12,,
1/9/12,,
1/11/12,,
1/5/12,,
1/12/12,,
1/13/12,,
1/14/12,,
1/16/12,,
1/17/12,,
1/15/12,,
1/18/12,,
1/19/12,,
1/2/12,,
12/28/11,,
1/20/12,,
1/21/12,,
1/22/12,,
1/23/12,,
1/24/12,,
1/25/12,,
1/26/12,,
1/27/12,,
1/29/12,,
1/30/12,,
1/31/12,,
2/1/12,,
2/2/12,,
2/3/12,,
2/4/12,,
2/5/12,,
2/6/12,,
2/7/12,,
2/9/12,,
2/10/12,,
2/11/12,,
2/12/12,,
12/17/11,,
2/14/12,,
2/13/12,,
2/17/12,,
2/18/12,,
1/28/12,,
2/19/12,,
2/20/12,,
2/21/12,,
2/23/12,,
2/24/12,,
2/22/12,,
2/25/12,,
2/26/12,,
2/27/12,,
2/28/12,,
02/30/2012,,
02/31/2012,,
12/22/11,,
3/1/12,,
3/2/12,,
2/8/12,,
2/16/12,,
3/4/12,,
3/6/12,,
3/7/12,,
3/8/12,,
3/9/12,,
3/10/12,,
3/12/12,,
3/11/12,,
3/13/12,,
1/1/12,,
3/15/12,,
3/16/12,,
3/17/12,,
3/18/12,,
3/19/12,,
3/3/12,,
3/20/12,,
2/15/12,,
3/22/12,,
3/24/12,,
3/25/12,,
3/26/12,,
3/5/12,,
3/29/12,,
3/30/12,,
3/31/12,,
1/10/12,,
4/1/12,,
4/2/12,,
4/3/12,,
4/4/12,,
2/29/12,,
3/23/12,,
4/6/12,,
4/8/12,,
4/9/12,,
4/10/12,,
4/11/12,,
4/12/12,,
4/13/12,,
4/15/12,,
4/16/12,,
3/14/12,,
3/21/12,,
4/19/12,,
4/20/12,,
4/21/12,,
4/14/12,,
3/27/12,,
4/22/12,,
4/23/12,,
4/24/12,,
4/25/12,,
4/26/12,,
4/27/12,,
4/29/12,,
4/28/12,,
4/30/12,,
04/31/2012,,
5/1/12,,
5/2/12,,
5/3/12,,
5/4/12,,
5/5/12,,
5/8/12,,
4/18/12,,
5/6/12,,
5/9/12,,
4/7/12,,
5/12/12,,
5/7/12,,
5/13/12,,
5/11/12,,
5/15/12,,
5/17/12,,
5/14/12,,
5/10/12,,
5/16/12,,
5/18/12,,
5/20/12,,
5/22/12,,
5/23/12,,
5/25/12,,
5/24/12,,
5/26/12,,
5/29/12,,
5/30/12,,
5/31/12,,
5/27/12,,
5/28/12,,
4/17/12,,
3/28/12,,
6/3/12,,
6/2/12,,
6/4/12,,
6/5/12,"Freescale names TI's Lowe as CEO,UPDATE 1-Freescale Semiconductor names CEO","Chip maker Freescale Semiconductor Holdings Ltd named Gregg Lowe, a long-time executive of rival Texas Instruments Inc, as its new CEO, sending Freescale shares up 8 percent.,June 5 Chipmaker Freescale SemiconductorHoldings Ltd named Texas Instruments Inc executive Gregg Lowe as its new chief executive."
6/6/12,,
6/7/12,,
6/10/12,,
6/9/12,,
6/8/12,,
6/12/12,,
6/13/12,,
6/14/12,,
6/15/12,,
6/16/12,,
4/5/12,,
6/18/12,,
6/20/12,,
6/17/12,,
5/21/12,,
6/21/12,,
6/25/12,,
6/26/12,,
6/27/12,,
6/28/12,,
5/19/12,,
6/29/12,,
6/30/12,,
06/31/2012,,
6/11/12,"Texas Instruments narrows Q2 financial forecast,UPDATE 2-Texas Instruments narrows Q2 financial forecast,Texas Instruments narrows Q2 financial forecast","Texas Instruments Inc  on Monday narrowed its forecasts for second-quarter earnings and revenue, but kept the midpoints of its target ranges intact as demand for its chips held up, despite global economic uncertainties.,* Sees Q2 rev $3.28-$3.42 bln vs previous $3.22-$3.48 bln,NEW YORK, June 11 Texas Instruments onMonday narrowed the ranges of its targets for second-quarterearnings and revenue."
7/3/12,,
7/4/12,,
6/24/12,,
6/22/12,,
7/6/12,,
7/8/12,,
7/9/12,,
7/10/12,,
7/11/12,,
7/12/12,,
7/13/12,,
7/14/12,,
7/7/12,,
6/19/12,,
7/15/12,,
6/1/12,,
7/18/12,,
7/19/12,,
7/16/12,,
7/17/12,,
7/21/12,,
7/22/12,,
7/24/12,"MARKET PULSE-Apple, Texas Instruments, Devry","U.S. stock index futures edged lower on Tuesday as tradersremained focused on high bond yields in Spain and as a cautiousoutlook from tech bellwether Texas Instruments weighed onsentiment."
7/23/12,"TI sees thirs-quarter revenue hurt by weak orders,US STOCKS-Pain in Spain hits Wall St, Texas Instruments off late,Texas Instruments posts profit, lower revenue","NEW YORK Texas Instruments Inc's second-quarter profit beat Wall Street expectations but the company warned that its third-quarter revenue would be weaker than usual for this time of year as customers are cautious due to global economic uncertainties.,* Second Spanish region may seek bailout, more may follow,NEW YORK, July 23 Texas Instruments Inc posted a quarterly profit and revenue fell from a year ago asits customers are ""increasingly cautious in placing new orders""because of global economic uncertainties."
7/25/12,,
6/23/12,,
7/26/12,,
7/2/12,,
7/28/12,,
7/30/12,"New Issue-Texas Instruments sells $1.5 bln 2-pt notes,TEXT-Fitch revises Texas Instruments rating outlook to negative,TEXT-S&P rates Texas Instruments","July 30 Texas Instruments Inc on Mondaysold $1.5 billion of senior unsecured notes in two parts, saidIFR, a Thomson Reuters service.     Citigroup, JP Morgan, and Morgan Stanley were the jointbookrunning managers for the sale.BORROWER: TEXAS INSTRUMENTSTRANCHE 1AMT $750 MLN    COUPON 0.45 PCT    MATURITY    08/03/2015   TYPE SR NTS     ISS PRICE 99.547   FIRST PAY   02/03/2013 MOODY'S A1      YIELD 0.603 PCT    SETTLEMENT  08/06/2012   S&P A-PLUS      SPREAD 30 BPS      P,July 30 - Fitch Ratings has affirmed the ratings of Texas Instruments (TI) and its subsidiary National Semiconductor Corporation (NSC) as follows:Texas Instruments:--Long-term Issuer Default Rating (IDR) at 'A+';--Short-term IDR at 'F1';--Commercial paper (CP) program at 'F1';--Senior unsecured revolving credit facility (RCF) at 'A+';--Senior unsecured notes at 'A+'.National Semiconductor:--Long-term IDR at 'A+';--Senior unsecured notes at 'A+'.The Rating Outlook is revised to Nega,July 30 - Standard & Poor's Ratings Services said today that it assigned its'A+' issue rating to Dallas-based semiconductor manufacturer Texas InstrumentsInc.'s (TI) senior unsecured notes. The company will use the proceedsfor general corporate purposes.This transaction does not affect our 'A+' corporate credit rating on the company. In our view, TI's modest financial profile remains intact due to its capacity within the current rating to accommodate the transaction. The rating allows fo"
7/31/12,,
7/27/12,,
8/2/12,,
8/4/12,,
8/6/12,,
8/7/12,,
7/1/12,,
8/8/12,,
8/9/12,,
8/10/12,,
8/12/12,,
8/11/12,,
8/14/12,,
8/1/12,,
7/20/12,,
8/3/12,,
8/18/12,,
8/16/12,,
8/20/12,,
8/21/12,,
7/29/12,,
8/22/12,,
8/23/12,,
8/24/12,,
8/26/12,,
8/13/12,Analysis: Texas Instruments investors want wireless pull back,"NEW YORK Shareholders of Texas Instruments, once the cellphone chip leader, want the company to reduce its money-losing investment in wireless or even exit the market."
8/5/12,,
8/28/12,,
7/5/12,,
8/30/12,,
8/31/12,,
9/2/12,,
8/17/12,,
8/19/12,,
9/3/12,,
9/4/12,,
9/5/12,,
9/6/12,"Nvidia's miss in Kindle Fire surprises some investors,Nvidia's miss in Kindle Fire surprises some investors","SAN FRANCISCO Amazon.com Inc's decision to use a processor made by Texas Instruments Inc for its newest Kindle Fire tablets has surprised some investors and experts who thought Nvidia Inc's Tegra 3 chip would be tapped for the high-profile device.,SAN FRANCISCO, Sept 6 Amazon.com Inc's decision to use a processor made by Texas Instruments Inc for its newest Kindle Fire tablets has surprised someinvestors and experts who thought Nvidia Inc's Tegra 3chip would be tapped for the high-profile device."
9/7/12,,
9/8/12,,
9/10/12,,
9/9/12,,
9/11/12,,
8/15/12,,
9/14/12,,
9/16/12,,
8/29/12,,
9/18/12,,
9/19/12,,
9/20/12,,
9/21/12,,
9/22/12,,
9/23/12,,
9/12/12,,
9/24/12,,
9/13/12,,
9/26/12,,
9/25/12,"UPDATE 3-Texas Instruments eyes shift away from wireless,Texas Instruments eyes shift away from wireless,BRIEF-Texas Instruments says to continue to support wireless customers,Texas Instruments eyes change to wireless investment","Sept 25 Texas Instruments said it willshift its wireless investment focus from products likesmartphones to a broader market including industrial clientslike carmakers where it is hoping for a more profitable andstable business.,Texas Instruments said it is shifting its wireless investment focus from products like smartphones to a broader market that includes industrial customers like carmakers, but some investors were disappointed in the lack of details.,Sept 25 Texas Instruments Inc : * Exec says will continue to support wireless customers * Exec says with existing wireless customers won't be investingin the roadmap,NEW YORK, Sept 25 Texas Instruments ischanging how it invests in wireless chips as that market becomesa less attractive place to compete, but a top executive said hewas not ready to announce details of the changes yet."
9/27/12,,
9/29/12,,
9/30/12,,
9/28/12,,
09/31/2012,,
10/2/12,,
10/1/12,,
10/3/12,,
10/6/12,,
10/4/12,,
10/5/12,,
10/7/12,,
10/8/12,,
10/9/12,,
10/10/12,,
10/11/12,,
10/12/12,,
10/13/12,,
10/15/12,"S.Korea-Market Factors to watch on Oct 16,Amazon in talks to buy TI mobile chip arm: paper,UPDATE 3-Amazon in talks to buy TI mobile chip arm-paper,Amazon in talks to buy Texas Instruments' mobile chip arm: paper,Amazon in talks to buy Texas Inst's mobile chip arm-paper","SEOUL, Oct 16 Following is a list of events inSouth Korea as well as news stories and press reports that mayinfluence financial markets.        TOP STORIES  >Amazon in talks to buy TI mobile chip arm-paper    >S.Korea doubles 2013 emissions reduction target    >Brent slips to $114 as demand outlook worsens              MARKETS>KOSPI hit one-month low ahead of earnings          >S.Korea won edges up on firm yuan; foreigners lift     MARKET SNAPSHOTS    * U,Amazon.Com Inc is in advanced talks to buy the supplier of processors for its Kindle tablet computer, Israeli financial newspaper Calcalist reported on Monday, a step toward vertical integration that could portend a push into smartphones.,Oct 15 Amazon.Com Inc is in advancedtalks to buy the  supplier of processors for its Kindle tabletcomputer, Israeli financial newspaper Calcalist reported onMonday, a step toward vertical integration that could portend apush into smartphones.,TEL AVIV Amazon.com Inc, the world's largest Internet retailer, is in advanced talks to buy the mobile chip business of Texas Instruments, Israeli financial newspaper Calcalist reported on Monday.,TEL AVIV, Oct 15 Amazon.com Inc, theworld's largest Internet retailer, is in advanced talks to buythe mobile chip business of Texas Instruments, Israelifinancial newspaper Calcalist reported on Monday."
10/17/12,,
10/18/12,,
10/19/12,,
8/25/12,,
10/21/12,,
10/20/12,,
10/23/12,Texas Instruments forecasts revenue below estimates,"NEW YORK Texas Instruments Inc's quarterly revenue fell as demand for its chips slipped on economic concerns, and the company forecast more weakness this quarter in all its customer segments."
10/24/12,,
8/27/12,,
10/26/12,,
10/25/12,,
10/27/12,,
10/28/12,,
10/30/12,,
10/29/12,,
10/14/12,,
11/1/12,,
11/3/12,,
10/31/12,,
9/17/12,,
11/5/12,,
11/6/12,,
11/7/12,,
11/8/12,,
10/22/12,"CORRECTED-Texas Instruments revenue declines in Q3,BRIEF-Texas Instruments CFO seeing weakness across all customer segments,BRIEF-Texas Instruments shares down 0.7 pct after the bell","(Corrects to reflect that profit rose rather than fell inparagraph two),Oct 22 Texas Instruments Inc : * CFO says seeing broad based weakness across its customersegments * CFO says customers are carrying very lean inventories,providing very short,NEW YORK, Oct 22 Texas Instruments Inc : * Shares down 0.7 percent after the bell following results"
9/1/12,,
11/11/12,,
11/13/12,,
11/14/12,"Texas Instruments to cut 1,700 jobs to reduce costs,UPDATE 1-Texas Instruments to cut 1,700 jobs to reduce costs,Texas Instruments to cut 1,700 jobs to reduce costs","NEW YORK Texas Instruments is eliminating 1,700 jobs or almost 5 percent of its global workforce to cut costs in its wireless business as it moves away from making smartphone application chips, sending its shares up almost one percent in late trade.,NEW YORK, Nov 14 Texas Instruments iseliminating 1,700 jobs or almost 5 percent of its globalworkforce to cut costs in its wireless business as it moves awayfrom making smartphone application chips, sending its shares upalmost one percent in late trade.,NEW YORK, Nov 14 Texas Instruments saidon Wednesday that it would eliminate 1,700 jobs worldwide to cutcosts in its wireless chip business as it is moving away frommaking application chips for smartphones."
10/16/12,,
11/2/12,,
11/12/12,,
11/4/12,,
11/17/12,,
11/15/12,"Texas Instruments cuts 1,700 jobs, winds down tablet chips,UPDATE 2-Texas Instruments cuts 1,700 jobs, winds down tablet chips","NEW YORK/SAN FRANCISCO Texas Instruments is eliminating 1,700 jobs, as it winds down its mobile processor business to focus on chips for more profitable markets like cars and home appliances.,NEW YORK/SAN FRANCISCO, Nov 14 Texas Instruments is eliminating 1,700 jobs, as it winds down its mobileprocessor business to focus on chips for more profitable marketslike cars and home appliances."
11/16/12,,
11/18/12,,
11/19/12,,
11/20/12,,
11/21/12,,
11/23/12,,
11/22/12,,
11/27/12,,
11/26/12,,
11/25/12,,
11/28/12,,
11/9/12,,
11/29/12,,
11/30/12,,
12/1/12,,
12/3/12,,
12/5/12,,
12/6/12,,
12/8/12,,
12/4/12,,
12/10/12,"Texas Instruments slightly boosts a profit target,UPDATE 2-Texas Instruments slightly boosts a profit target,Texas Instruments cuts 4th-qtr EPS view due to restructuring","NEW YORK Texas Instruments Inc  on Monday slightly improved a profit target, excluding a massive restructuring charge, as the company is cutting costs due to macro-economic uncertainties.,NEW YORK, Dec 10 Texas Instruments Inc on Monday slightly improved a profit target, excluding a massiverestructuring charge, as the company is cutting costs due tomacro-economic uncertainties.,NEW YORK, Dec 10 Texas Instruments Inc on Monday cut its earnings target for the fourth quarter becauseof hefty charges for a restructuring of its wireless business."
12/11/12,,
12/9/12,,
12/13/12,,
11/31/2012,,
12/12/12,,
9/15/12,,
12/15/12,,
12/16/12,,
12/17/12,,
12/18/12,,
12/20/12,,
12/21/12,,
12/19/12,,
12/22/12,,
12/23/12,,
12/2/12,,
12/24/12,,
11/24/12,,
12/26/12,,
12/25/12,,
12/29/12,,
12/28/12,,
12/31/12,,
12/30/12,,
1/1/13,,
1/2/13,,
1/4/13,,
1/3/13,,
1/6/13,,
1/8/13,,
1/7/13,,
1/9/13,,
1/10/13,,
1/11/13,,
1/13/13,,
1/14/13,,
1/15/13,,
1/16/13,,
1/17/13,,
12/14/12,,
1/20/13,,
1/18/13,,
1/22/13,"Texas Instruments warns of weak demand,UPDATE 1-Texas Instruments warns of weak demand,BRIEF-TI custoemrs carrying low inventory due to demand uncertainty,Texas Instruments revenue beats Street, warns of weak demand,BRIEF-Texas Instruments shares down 0.8 pct after the bell following results","Texas Instruments Inc  on Tuesday posted quarterly revenue that was ahead of Wall Street expectations but the chip maker warned of uncertain demand and a widespread customer reluctance to order until the last minute due to macroeconomic worries.,* CFO says customers delay orders due to macroeconomicworries,Jan 22 Texas Instruments Inc : * CFO says custoemrs are all carrying very low levels ofinventory as they are,Jan 22 Texas Instruments Inc on Tuesdayposted quarterly  revenue that was ahead of Wall Streetexpectations but the chip maker warned of weak demand.,NEW YORK, Jan 22 Texas Instruments Inc : * Shares were down 0.8 percent after the bell following therelease of its results"
12/7/12,,
1/21/13,,
1/19/13,,
1/25/13,,
1/23/13,"Texas Instruments warns of weak demand,UPDATE 2-Texas Instruments warns of weak demand","Texas Instruments Inc  posted quarterly revenue that was ahead of Wall Street expectations but the chip maker warned of uncertain demand and a widespread customer reluctance to order until the last minute due to macroeconomic worries.,* CFO says customers delay orders due to macroeconomicworries"
1/24/13,,
1/26/13,,
1/27/13,,
1/28/13,,
1/29/13,,
1/30/13,,
2/1/13,,
1/5/13,,
1/12/13,,
2/3/13,,
2/4/13,,
1/31/13,,
12/27/12,,
2/7/13,,
2/6/13,,
2/5/13,,
2/2/13,,
2/8/13,,
2/10/13,,
2/11/13,,
2/13/13,,
2/12/13,,
2/15/13,,
2/16/13,,
2/18/13,,
2/17/13,,
2/20/13,,
2/23/13,,
2/24/13,,
11/10/12,,
2/21/13,"UPDATE 1-Texas Instruments raises dividend, boosts share buyback,Texas Instruments increases dividend, expands share buyback","Feb 21 Chipmaker Texas Instruments Inc raised its quarterly dividend by a third and said it will buyback an additional $5 billion in stock.,Feb 21 Chipmaker Texas Instruments Inc raised its quarterly dividend by 33 percent and said it will buyback an additional $5 billion in stock."
2/25/13,,
2/28/13,,
2/27/13,,
02/29/2013,,
02/31/2013,,
02/30/2013,,
3/1/13,,
3/2/13,,
3/3/13,,
3/5/13,,
3/7/13,"BRIEF-TI sees stronger demand in orders and revenue,Texas Instruments raises its earnings, revenue target,UPDATE 1-Texas Instruments raises its earnings, revenue target,Texas Instruments raises financial targets to high end of range","March 7 Texas Instruments Inc : * Says stronger demand discussed in January has continued asseen in orders an,NEW YORK Texas Instruments  raised its target for first-quarter earnings and revenue to the upper end of its previous forecast range, implying improving demand for its chips.,NEW YORK, March 7 Texas Instruments raised its target for first-quarter earnings and revenue to theupper end of its previous forecast range, implying improvingdemand for its chips.,NEW YORK, March 7 Texas Instruments onThursday raised its target for first-quarter earnings andrevenue to the upper-end of its previous range on improvingdemand for its chips."
2/19/13,,
3/9/13,,
3/10/13,,
2/14/13,,
2/22/13,,
3/12/13,,
3/13/13,,
2/26/13,,
3/15/13,,
2/9/13,,
3/17/13,,
3/18/13,,
3/19/13,,
3/20/13,,
3/21/13,,
3/8/13,"Texas Instruments raises its earnings, revenue target,UPDATE 2-Texas Instruments raises its earnings, revenue target","NEW YORK Texas Instruments  raised its targets for first-quarter earnings and revenue to the upper end of its previous forecast ranges, due to improving demand for its chips in an industry that has been hit for several quarters by a weak global economy.,NEW YORK, March 7 Texas Instruments raised its targets for first-quarter earnings and revenue to theupper end of its previous forecast ranges, due to improvingdemand for its chips in an industry that has been hit forseveral quarters by a weak global economy."
3/4/13,,
3/6/13,,
3/23/13,,
3/25/13,,
3/24/13,,
3/26/13,,
3/28/13,,
3/30/13,,
3/29/13,,
3/31/13,,
4/1/13,,
4/2/13,,
3/11/13,,
4/3/13,,
4/5/13,,
4/6/13,,
4/7/13,,
4/8/13,,
4/11/13,,
4/10/13,,
4/12/13,,
4/13/13,,
3/14/13,,
3/16/13,,
4/15/13,,
4/16/13,,
4/18/13,,
4/19/13,,
4/20/13,,
3/22/13,,
4/21/13,,
4/22/13,"Texas Instruments sees improved but cautious demand,UPDATE 3-Texas Instruments sees improved but cautious demand,BRIEF-Texas Instruments CFO says Book-to-Bill ratio rose in first quarter,Texas Instruments' quarterly revenue narrowly beats expectations,BRIEF-Texas Instruments shares up 1 pct after the bell","Texas Instruments Inc  posted first-quarter results slightly ahead of Wall Street expectations and it forecast growth for the current quarter on improving demand for its chips.,April 22 Texas Instruments Inc postedfirst-quarter results slightly ahead of Wall Street expectationsand it forecast growth for the current quarter on improvingdemand for its chips.,SAN FRANCISCO, April 22 Texas Instruments Inc : * CFO says book-to-Bill Ratio Rose to 1.03 in Q1 versus 0.91 inQ4 * CFO says customers holding just enough inventory to meettheir production,April 22 Texas Instruments Inc postedfirst-quarter revenue of $2.885 billion and net income of $362million, or 32 cents a share, as demand for its chips improvesfollowing concerns about a troubled global economy.,NEW YORK, April 22 Texas Instruments Inc : * Shares up 1 percent after the bell following results"
4/4/13,,
4/25/13,,
3/27/13,,
4/27/13,,
4/26/13,,
4/28/13,,
4/29/13,,
4/30/13,,
04/31/2013,,
5/2/13,,
5/3/13,,
4/14/13,,
5/4/13,,
4/9/13,,
5/6/13,,
5/7/13,,
5/8/13,,
5/9/13,,
5/11/13,,
5/13/13,,
4/17/13,,
5/10/13,,
5/14/13,,
4/23/13,,
5/15/13,,
5/17/13,,
5/18/13,,
5/19/13,,
5/20/13,,
5/21/13,,
5/24/13,,
5/23/13,,
5/1/13,,
5/25/13,,
5/26/13,,
5/27/13,,
5/29/13,,
5/28/13,,
5/31/13,,
5/5/13,,
4/24/13,,
6/3/13,,
5/16/13,,
6/5/13,,
6/6/13,,
6/7/13,,
6/8/13,,
6/10/13,Texas Instruments narrows range of quarterly revenue outlook,"SAN FRANCISCO, June 10 Chipmaker TexasInstruments said on Monday it narrowed its expectedrange for current-quarter revenue to between $2.99 billion and$3.11 billion, compared to previous expectations of between$2.93 billion and $3.17 billion."
5/22/13,,
6/12/13,,
6/13/13,,
6/9/13,,
6/14/13,,
6/16/13,,
6/15/13,,
6/1/13,,
5/12/13,,
6/4/13,,
5/30/13,,
6/19/13,,
6/20/13,,
6/21/13,,
6/23/13,,
6/24/13,,
6/25/13,,
6/26/13,,
6/27/13,,
6/28/13,,
6/29/13,,
6/18/13,,
6/30/13,"Swedish duo's ""I Love It"" tops Britain's singles chart","LONDON, June 30 Swedish DJ duo Icona Pop's ""ILove It"" entered the singles chart at number one on Sunday,knocking Robin Thicke off the top spot he had held for fourweeks, the Official Charts Company said."
06/31/2013,,
7/1/13,,
7/2/13,,
7/3/13,,
7/4/13,,
7/6/13,,
7/7/13,,
7/8/13,,
7/9/13,,
7/10/13,,
7/12/13,,
7/13/13,,
7/14/13,,
7/15/13,,
6/2/13,,
7/17/13,,
7/18/13,,
6/11/13,,
7/20/13,,
7/5/13,,
6/22/13,,
7/24/13,,
7/25/13,,
7/26/13,,
7/27/13,,
7/23/13,,
7/19/13,,
6/17/13,,
7/28/13,,
7/29/13,,
7/31/13,,
8/1/13,,
8/2/13,,
8/3/13,,
8/4/13,,
8/5/13,,
8/7/13,,
8/8/13,,
7/21/13,,
7/11/13,,
8/6/13,,
8/9/13,,
8/11/13,,
8/12/13,,
8/13/13,,
8/15/13,,
8/17/13,,
8/19/13,,
8/14/13,,
8/20/13,,
8/21/13,,
8/22/13,,
8/23/13,,
8/25/13,,
8/26/13,,
8/27/13,,
7/16/13,,
7/22/13,"Texas Instruments upbeat about revenue, chip demand,UPDATE 3-Texas Instruments upbeat about revenue, chip demand","SAN FRANCISCO Texas Instruments Inc gave a third-quarter revenue forecast that was stronger than some analysts expected and said customers seem more confident about placing orders for chips.,SAN FRANCISCO, July 22 Texas Instruments Inc gave a third-quarter revenue forecast that was strongerthan some analysts expected and said customers seem moreconfident about placing orders for chips."
8/30/13,,
8/28/13,,
8/29/13,,
9/2/13,,
9/3/13,,
9/4/13,,
9/5/13,,
9/6/13,,
9/1/13,,
8/24/13,,
8/16/13,,
8/10/13,,
9/7/13,,
9/9/13,,
9/10/13,,
9/12/13,,
9/13/13,,
9/14/13,,
9/15/13,,
9/16/13,,
9/17/13,,
9/18/13,,
9/19/13,,
9/20/13,,
9/21/13,,
9/22/13,,
9/23/13,,
9/24/13,,
9/25/13,,
9/26/13,,
9/27/13,,
9/29/13,,
09/31/2013,,
8/18/13,,
10/1/13,,
10/2/13,,
10/3/13,,
10/4/13,,
10/6/13,,
7/30/13,,
10/7/13,,
10/8/13,,
10/9/13,,
10/10/13,,
10/12/13,,
9/11/13,,
9/8/13,,
10/11/13,,
10/13/13,,
10/15/13,,
10/14/13,,
10/18/13,,
10/17/13,,
10/19/13,,
10/20/13,,
10/21/13,"Texas Instruments fourth-quarter revenue outlook misses Street,US STOCKS-S&P 500, Dow slip on lackluster earnings,US STOCKS-Wall Street mixed with eyes on earnings,US STOCKS-Wall Street to open flat with focus on data, earnings","SAN FRANCISCO Texas Instruments Inc  forecast unexpectedly low fourth-quarter revenue, underscoring concerns about spotty demand for chips for cars, appliances, computers and industrial products and sending its shares lower.,* McDonald's pulls Dow lower; Apple helps Nasdaq tread water,* Netflix, Texas Instruments to post earnings after theclosing bell,* Netflix, Texas Instruments to post earnings after theclosing bell"
10/22/13,,
10/23/13,,
10/24/13,,
10/25/13,,
10/5/13,,
9/30/13,,
10/26/13,,
8/31/13,,
10/28/13,,
10/27/13,,
10/29/13,,
10/30/13,,
11/1/13,,
11/2/13,,
11/6/13,,
11/7/13,,
11/8/13,,
11/9/13,,
11/10/13,,
11/11/13,,
11/12/13,,
10/31/13,,
11/15/13,,
11/16/13,,
11/17/13,,
11/14/13,,
11/18/13,,
11/19/13,,
11/20/13,,
11/21/13,,
11/22/13,,
11/13/13,,
11/3/13,,
11/25/13,,
11/27/13,,
11/26/13,,
11/23/13,,
11/5/13,,
11/28/13,,
11/30/13,,
12/1/13,,
12/2/13,,
12/3/13,,
12/4/13,,
12/5/13,,
12/7/13,,
12/8/13,,
12/9/13,"Texas Instruments narrows quarterly forecast in slow economy,UPDATE 2-Texas Instruments narrows quarterly forecast in slow economy,Texas Instruments narrows quarterly forecast","SAN FRANCISCO Chipmaker Texas Instruments Inc  narrowed its fourth-quarter forecast on Monday following concerns on Wall Street that demand was not improving as much as previously expected.,SAN FRANCISCO, Dec 9 Chipmaker Texas InstrumentsInc narrowed its fourth-quarter forecast on Mondayfollowing concerns on Wall Street that demand was not improvingas much as previously expected.,SAN FRANCISCO, Dec 9 Chipmaker Texas InstrumentsInc narrowed its fourth-quarter forecast on Mondayfollowing concerns on Wall Street that demand was not improvingas much as previously expected."
10/16/13,,
12/6/13,,
12/11/13,,
12/10/13,,
12/13/13,,
12/14/13,,
12/15/13,,
11/31/2013,,
11/29/13,,
12/17/13,,
12/18/13,,
12/19/13,,
12/20/13,,
12/22/13,,
12/21/13,,
12/23/13,,
12/24/13,,
12/25/13,,
12/27/13,,
12/28/13,,
12/16/13,,
12/26/13,,
12/29/13,,
12/30/13,,
1/1/14,,
12/31/13,,
1/2/14,,
1/3/14,,
1/4/14,,
1/7/14,,
1/8/14,,
1/9/14,,
1/10/14,,
11/4/13,,
12/12/13,,
1/11/14,,
1/12/14,,
11/24/13,,
1/13/14,,
1/14/14,,
1/15/14,,
1/16/14,,
1/18/14,,
1/17/14,,
1/19/14,,
1/20/14,,
1/23/14,,
1/22/14,"Texas Instruments to cut 1,100 jobs worldwide","SAN FRANCISCO Texas Instruments Inc plans to cut 1,100 jobs in the United States, Japan and India, or about 3 percent of its global workforce, in a corporate restructuring to save $130 million by the end of 2014."
1/24/14,,
1/25/14,,
1/26/14,,
1/28/14,,
1/27/14,,
9/28/13,,
1/29/14,,
1/31/14,,
1/30/14,,
2/1/14,,
2/5/14,,
2/4/14,,
2/6/14,,
2/7/14,,
2/8/14,,
2/9/14,,
2/11/14,,
2/12/14,,
2/13/14,,
2/14/14,,
2/15/14,,
2/16/14,,
2/18/14,,
2/17/14,,
2/19/14,,
2/21/14,,
1/5/14,,
2/2/14,,
2/24/14,,
2/25/14,,
2/23/14,,
2/22/14,,
2/26/14,,
2/28/14,,
02/29/2014,,
02/30/2014,,
2/3/14,,
02/31/2014,,
3/1/14,,
3/3/14,,
3/2/14,,
3/5/14,,
3/6/14,,
1/6/14,,
3/8/14,,
3/10/14,,
3/7/14,,
2/27/14,,
3/11/14,,
3/12/14,,
2/20/14,,
3/14/14,,
3/13/14,"Texas Instruments wants to hand more cash back to shareholders,UPDATE 1-Texas Instruments wants to hand more cash back to shareholders,Texas Instruments wants to hand more cash back to shareholders","SAN FRANCISCO Texas Instruments  said on Thursday it plans to return more cash to its shareholders, expanding a capital management policy that has helped boost the chipmaker's stock to its highest level in more than a decade.,SAN FRANCISCO, March 13 Texas Instruments said on Thursday it plans to return more cash to itsshareholders, expanding a capital management policy that hashelped boost the chipmaker's stock to its highest level in morethan a decade.,SAN FRANCISCO, March 13 Texas Instruments said on Thursday it plans to return more cash toshareholders, expanding a capital management policy that hashelped boost the chipmaker's stock to its highest level in morethan a decade."
3/15/14,,
3/19/14,,
3/20/14,,
3/16/14,,
3/21/14,,
3/22/14,,
3/24/14,,
3/25/14,,
3/26/14,,
3/4/14,,
3/27/14,,
3/28/14,,
3/29/14,,
3/31/14,,
4/1/14,,
4/2/14,,
3/30/14,,
1/21/14,"Texas Instruments to cut 1,100 jobs worldwide,BRIEF-Texas Instruments to stop mid-quarter updates to outlook,UPDATE 3-Texas Instruments to cut 1,100 jobs worldwide,BRIEF-Texas Instruments shares down 1.1 pct after the bell following results,Texas Instruments 4th-qtr revenue beats Street","SAN FRANCISCO Texas Instruments Inc plans to cut 1,100 jobs in the United States, Japan and India, or about 3 percent of its global workforce, in a corporate restructuring to save $130 million by the end of 2014.,SAN FRANCISCO, Jan 21 Texas Instruments Inc : * Says starting this quarter will not provide mid-quarterupdates to outlook,SAN FRANCISCO, Jan 21 Texas Instruments Inc plans to cut 1,100 jobs in the United States, Japan andIndia, or about 3 percent of its global workforce, in acorporate restructuring to save $130 million by the end of 2014.,NEW YORK, Jan 21 Texas Instruments Inc : * Shares were down 1.1 percent after the bell following results,SAN FRANCISCO, Jan 21 Texas Instruments Inc posted fourth-quarter revenue above expectations even asa recovery in demand for its chips remained muted."
4/5/14,,
4/6/14,,
4/3/14,,
3/9/14,,
4/8/14,,
4/7/14,,
4/10/14,,
4/11/14,,
4/12/14,,
3/17/14,,
4/13/14,,
4/14/14,,
4/15/14,,
4/17/14,,
4/18/14,,
4/4/14,,
4/19/14,,
4/20/14,,
4/21/14,,
2/10/14,,
4/22/14,,
4/24/14,,
4/23/14,"Strong analog chip demand boosts Texas Instruments forecast,UPDATE 2-Strong analog chip demand boosts Texas Instruments forecast,Texas Instruments' quarterly revenue rises","Chipmaker Texas Instruments Inc's  first-quarter revenue and second-quarter revenue forecast topped analysts' estimates on growing demand for its chips used in communication equipment, industrial machines and automotive parts.,* Sees 2nd-qtr revenue $3.14 bln-$3.40 bln vs est $3.15 bln,April 23 Texas Instruments Inc reporteda 3 percent rise in quarterly revenue due to improved demand forits chips used in cars, appliances, computers and industrialproducts and strong growth in its analog chips business."
4/25/14,,
4/26/14,,
4/27/14,,
4/28/14,,
4/30/14,,
5/1/14,,
04/31/2014,,
5/2/14,,
5/3/14,,
5/4/14,,
4/29/14,,
5/6/14,,
5/7/14,,
5/8/14,,
5/9/14,,
5/11/14,,
4/9/14,,
5/13/14,,
5/15/14,,
5/16/14,,
5/17/14,,
5/18/14,,
5/14/14,,
5/19/14,,
5/5/14,,
5/20/14,,
4/16/14,,
5/22/14,,
5/21/14,,
5/24/14,,
5/23/14,,
5/26/14,,
5/28/14,,
5/25/14,,
5/27/14,,
5/29/14,,
5/12/14,,
5/31/14,,
6/3/14,,
6/2/14,,
6/6/14,,
5/10/14,,
5/30/14,,
6/8/14,,
6/9/14,,
6/7/14,,
6/10/14,,
6/12/14,,
6/11/14,,
6/14/14,,
6/15/14,,
6/16/14,,
3/18/14,,
6/1/14,,
6/18/14,,
6/20/14,,
6/19/14,,
3/23/14,,
6/5/14,,
6/22/14,,
6/25/14,,
6/27/14,,
6/26/14,,
6/28/14,,
6/29/14,,
06/31/2014,,
6/17/14,,
6/13/14,,
7/1/14,,
7/2/14,,
7/4/14,,
7/5/14,,
6/4/14,,
6/21/14,,
7/3/14,,
7/6/14,,
7/8/14,,
7/10/14,,
7/12/14,,
7/13/14,,
7/15/14,,
6/23/14,,
7/16/14,,
7/14/14,,
7/18/14,,
7/7/14,,
7/20/14,,
7/21/14,"Texas Instruments expects higher quarterly revenue, says markets OK,UPDATE 2-Texas Instruments expects higher quarterly revenue, says markets OK,US STOCKS-Wall St finishes slightly lower; Chipotle rises late,Texas Instruments' 2nd-quarter revenue exceeds estimates","SAN FRANCISCO Texas Instruments Inc said it expects higher third-quarter revenue following recently improved demand for chips used in cars, industrial equipment and communications gear.,SAN FRANCISCO, July 21 Texas Instruments Inc said it expects higher third-quarter revenue followingrecently improved demand for chips used in cars, industrialequipment and communications gear.,* Yum Brands, McDonald's shares down on China food safety,SAN FRANCISCO, July 21 Texas Instruments Inc posted second-quarter revenue of $3.29 billion, up 8percent from the year-ago period, and just above Wall Streetforecasts following recently improved demand for chips used incars, industrial equipment and communications gear."
7/23/14,,
6/24/14,,
7/11/14,,
7/25/14,,
7/26/14,,
6/30/14,,
7/28/14,,
7/27/14,,
7/29/14,,
7/30/14,,
8/2/14,,
8/1/14,,
7/9/14,,
7/24/14,,
8/6/14,,
8/4/14,,
8/5/14,,
7/19/14,,
8/8/14,,
8/7/14,,
8/9/14,,
8/10/14,,
8/12/14,,
8/13/14,,
8/16/14,,
8/15/14,,
8/18/14,,
8/17/14,,
8/20/14,,
8/21/14,,
7/31/14,,
8/23/14,,
8/22/14,,
8/24/14,,
8/11/14,,
8/26/14,,
8/27/14,,
8/29/14,,
8/14/14,,
8/31/14,,
9/1/14,,
8/28/14,,
7/17/14,,
9/2/14,,
8/19/14,,
9/5/14,,
9/6/14,,
9/4/14,,
9/7/14,,
9/9/14,,
9/8/14,,
9/11/14,,
7/22/14,,
9/13/14,,
8/30/14,,
9/14/14,,
9/15/14,,
9/16/14,,
9/17/14,,
9/18/14,,
9/20/14,,
9/19/14,,
9/21/14,,
9/23/14,,
9/24/14,,
9/22/14,,
9/12/14,,
8/25/14,,
9/10/14,,
9/27/14,,
09/31/2014,,
10/1/14,,
9/3/14,,
9/29/14,,
10/3/14,,
10/5/14,,
10/6/14,,
10/2/14,,
9/25/14,,
9/26/14,,
10/7/14,,
10/9/14,,
10/8/14,,
10/10/14,,
10/11/14,,
10/12/14,,
10/14/14,,
10/15/14,,
10/17/14,,
10/19/14,,
9/28/14,,
10/20/14,"Texas Instruments posts solid 3rd-quarter results, says business healthy,UPDATE 2-Texas Instruments posts solid 3rd-quarter results, says business healthy,CORRECTED-UPDATE 1-Texas Instruments' 3rd-quarter revenue exceeds Wall Street view,CORRECTED-Texas Instruments' third-quarter revenue exceeds Wall Street view","SAN FRANCISCO Texas Instruments Inc posted third-quarter results above expectations and its CFO said business was healthy, in contrast to recent concerns on Wall Street about a possible slowdown in chip demand.,SAN FRANCISCO, Oct 20 Texas Instruments Inc posted third-quarter results above expectations and itsCFO said business was healthy, in contrast to recent concerns onWall Street about a possible slowdown in chip demand.,(Corrects second paragraph to refer to third quarter, notsecond quarter),(Corrects second paragraph to refer to third quarter, notsecond quarter)"
10/22/14,"GLOBAL MARKETS-Asian shares shine on U.S. tech results, ECB hopes","* Spreadbetters predict European bourses to open on a strongnote"
10/21/14,"GLOBAL MARKETS-Shares rally on U.S. tech earnings, ECB purchase plans,Wall St. extends rebound on earnings, ECB report,GLOBAL MARKETS-Shares rally on U.S. tech earnings, ECB purchase plans,GLOBAL MARKETS-Shares rally on U.S. tech earnings, ECB purchase plans,US STOCKS-Wall St rallies 1 pct; S&P up for 4th straight day,GLOBAL MARKETS-Shares gain on U.S. tech earnings, ECB purchase plans,US STOCKS-Wall St gains on Apple; S&P up for 4th straight day,US STOCKS-Futures point to higher open on tech results,US STOCKS-Futures point to 4th day of gains; Apple rallies","* Wall Street higher on Apple, Texas Instruments results    * S&P 500 rises for fourth straight session    * European shares surge on report ECB to buy corporate bonds    * U.S. Treasury prices and euro fall (Adds close of U.S. markets)    By Sam Forgione    NEW YORK, Oct 21 A measure of global equitymarkets advanced on Tuesday as technology earnings lifted U.S.shares and the prospect of European Central Bank corporate bondpurchases boosted European stocks, while weighing o,NEW YORK U.S. stocks rallied on Tuesday, with the S&P 500 notching a fourth straight session of gains boosted by strong corporate results, including Apple's. |¶ÿ,* Wall Street higher on Apple, Texas Instruments results    * European shares surge on report ECB to buy corporate bonds    * U.S. Treasury prices, euro fall (Adds oil settlement prices)    By Sam Forgione    NEW YORK, Oct 21 A measure of global equitymarkets advanced on Tuesday as technology earnings lifted U.S.shares and the prospect of European Central Bank corporate bondpurchases boosted European stocks, while weighing on safe-havenU.S. Treasuries prices.    Shares of ,* Wall Street higher on Apple, Texas Instruments results    * European shares surge on report ECB to buy corporate bonds    * US Treasury prices, euro fall    * China GDP data weighs on Chinese shares (Adds close of European stock, bond markets)    By Sam Forgione    NEW YORK, Oct 21 A measure of global equitymarkets advanced on Tuesday after technology earnings liftedU.S. shares and the prospect of European Central Bank corporatebond purchases boosted European stocks and w,NEW YORK, Oct 21 U.S. stocks rallied on Tuesday,with the S&P 500 on track for a fourth straight session of gainsas Apple and Texas Instruments jumped following their results.,* Wall Street higher on Apple, Texas Instruments results    * European shares surge on report ECB to buy corporate bonds    * US Treasury prices, euro fall    * China GDP data weighs on Chinese shares (Adds U.S. market open; changes byline, dateline; previousLONDON)    By Sam Forgione    NEW YORK, Oct 21 A measure of global equitymarkets advanced on Tuesday after technology earnings liftedU.S. shares and the prospect of European Central Bank corporatebond purchases boosted,NEW YORK, Oct 21 U.S. stocks rose on Tuesday,with the S&P 500 on track for a fourth straight session of gainsas Apple and Texas Instruments rallied after their results.,NEW YORK, Oct 21 U.S. stock index futurespointed to a higher open on Tuesday, with the S&P 500 on trackfor a fourth straight session of gains, as Apple and TexasInstruments rallied after their results.,NEW YORK, Oct 21 U.S. stock index futures werehigher on Tuesday, pointing to a fourth straight session ofgains, with technology shares especially poised foroutperformance following strong results from both Apple Inc and Texas Instruments Inc."
10/23/14,,
8/3/14,,
10/24/14,,
10/25/14,,
10/26/14,,
10/27/14,,
10/28/14,,
10/30/14,,
11/1/14,,
9/30/14,,
11/2/14,,
11/3/14,,
10/16/14,,
11/4/14,,
11/5/14,,
10/13/14,,
11/6/14,,
11/7/14,,
11/9/14,,
11/12/14,,
11/13/14,,
10/4/14,,
11/15/14,,
11/14/14,,
10/18/14,,
11/17/14,,
11/18/14,,
11/19/14,,
11/20/14,,
11/10/14,,
11/21/14,,
11/22/14,,
11/16/14,,
11/11/14,,
11/26/14,,
11/24/14,,
11/27/14,,
11/23/14,,
11/29/14,,
11/30/14,,
11/31/2014,,
12/2/14,,
12/3/14,,
11/8/14,,
10/31/14,,
10/29/14,,
12/5/14,,
12/7/14,,
12/6/14,,
12/8/14,,
12/9/14,,
12/10/14,,
12/11/14,,
12/12/14,,
12/15/14,,
12/14/14,,
12/13/14,,
12/17/14,,
12/20/14,,
12/19/14,,
12/22/14,,
12/23/14,,
12/24/14,,
12/4/14,,
12/1/14,,
12/25/14,,
12/27/14,,
12/26/14,,
12/28/14,,
12/29/14,,
12/30/14,,
12/31/14,,
1/3/15,,
1/4/15,,
1/5/15,,
11/28/14,,
11/25/14,,
12/18/14,,
1/7/15,,
1/9/15,,
1/10/15,,
1/11/15,,
1/12/15,,
1/8/15,,
1/13/15,,
1/14/15,,
1/2/15,,
1/15/15,,
1/1/15,,
1/17/15,,
1/18/15,,
1/19/15,,
1/20/15,,
1/21/15,,
1/22/15,,
1/23/15,,
1/25/15,,
1/24/15,,
1/27/15,,
1/28/15,,
1/29/15,,
1/6/15,,
1/30/15,,
2/1/15,,
2/2/15,,
2/5/15,,
12/21/14,,
2/6/15,,
2/7/15,,
2/8/15,,
2/9/15,,
2/11/15,,
1/16/15,,
2/13/15,,
2/14/15,,
2/15/15,,
2/10/15,,
2/16/15,,
2/17/15,,
2/18/15,,
2/19/15,,
12/16/14,,
2/21/15,,
1/31/15,,
2/4/15,,
2/23/15,,
2/24/15,,
2/25/15,,
2/26/15,,
2/12/15,,
2/27/15,,
02/29/2015,,
02/31/2015,,
3/1/15,,
3/2/15,,
3/3/15,,
3/4/15,,
02/30/2015,,
3/6/15,,
3/7/15,,
2/28/15,,
3/8/15,,
3/10/15,,
3/11/15,,
3/12/15,,
2/22/15,,
2/3/15,,
3/13/15,,
3/14/15,,
2/20/15,,
3/16/15,,
3/18/15,,
3/19/15,,
3/17/15,,
3/22/15,,
3/23/15,,
3/5/15,,
3/24/15,,
3/25/15,,
3/27/15,,
3/26/15,,
3/29/15,,
3/30/15,,
3/31/15,,
4/1/15,,
3/28/15,,
4/2/15,,
4/5/15,,
4/3/15,,
1/26/15,"Texas Instruments' profit rises, helped by auto industry,UPDATE 2-Texas Instruments' profit rises, helped by auto industry,Texas Instruments 4th-qtr revenue slightly exceeds Wall St view","SAN FRANCISCO Texas Instruments Inc  reported higher fourth-quarter results on Monday and gave a revenue outlook for the current quarter in line with expectations, helped by growing demand for chips from the auto industry.,SAN FRANCISCO, Jan 26 Texas Instruments Inc reported higher fourth-quarter results on Monday andgave a revenue outlook for the current quarter in line withexpectations, helped by growing demand for chips from the autoindustry.,SAN FRANCISCO, Jan 26 Texas Instruments Inc posted fourth-quarter revenue of $3.27 billion, up 8percent from the year-ago period and slightly above Wall Streetforecasts as it deepened its focus on analog and embedded chips."
4/8/15,,
4/7/15,,
4/10/15,,
3/9/15,,
4/12/15,,
4/11/15,,
4/13/15,,
4/14/15,,
4/15/15,,
4/16/15,,
4/4/15,,
4/6/15,,
4/20/15,,
4/19/15,,
3/15/15,,
4/18/15,,
4/23/15,US STOCKS-Wall St up with Nasdaq briefly topping all-time closing high,"* Indexes: Dow, S&P, Nasdaq up 0.3 pct (Updates to early afternoon)"
4/24/15,,
4/25/15,,
4/26/15,,
3/21/15,,
3/20/15,,
4/9/15,,
4/28/15,,
4/30/15,,
5/1/15,,
04/31/2015,,
5/3/15,,
5/2/15,,
5/4/15,,
5/6/15,,
5/7/15,,
4/17/15,,
4/22/15,"Chipmaker Texas Instruments forecasts revenue below estimates,UPDATE 1- Chipmaker Texas Instruments forecasts revenue below estimates,Texas Instruments quarterly revenue rises 6 pct","Texas Instruments Inc forecast current-quarter revenue below analysts' expectations, citing weak demand for its chips from communication equipment and consumer electronics markets and a strong dollar.,April 22 Texas Instruments Inc forecastcurrent-quarter revenue below analysts' expectations, citingweak demand for its chips from communication equipment andconsumer electronics markets and a strong dollar.,April 22 Texas Instruments Inc reporteda 6 percent rise in quarterly revenue, helped by increaseddemand for its analog and power management chips."
4/21/15,,
5/9/15,,
5/12/15,,
5/11/15,,
5/15/15,,
5/8/15,,
5/13/15,,
5/16/15,,
5/18/15,,
5/17/15,,
4/27/15,,
5/20/15,,
5/22/15,,
5/23/15,,
5/21/15,,
4/29/15,,
5/5/15,,
5/24/15,,
5/25/15,,
5/27/15,,
5/28/15,,
5/26/15,,
5/30/15,,
5/29/15,,
5/31/15,,
6/2/15,,
6/3/15,,
6/4/15,,
6/6/15,,
6/5/15,,
6/7/15,,
6/8/15,,
6/1/15,,
5/10/15,,
6/9/15,,
6/10/15,,
6/11/15,,
6/14/15,,
6/15/15,,
6/13/15,,
6/16/15,,
6/21/15,,
6/18/15,,
6/23/15,,
5/19/15,,
6/24/15,,
6/25/15,,
6/26/15,,
6/27/15,,
6/28/15,,
6/30/15,,
5/14/15,Nvidia wants to leap from video games to self-driving cars,"DETROIT, May 14 It took Silicon Valley chipmakerNvidia Corp the better part of a decade to gainacceptance as a global automotive supplier, a lesson for othertechnology firms hoping to make a similar transition fromconsumer electronics to car components."
7/1/15,,
6/12/15,,
06/31/2015,,
7/2/15,,
7/3/15,,
7/5/15,,
7/6/15,Options traders exhibit caution ahead of chip earnings,"NEW YORK, July 6 Hedging activity is rising forU.S. semiconductor stocks as investors fear that sector earningsmay be weak, and share prices may fall after a recent flourishin mergers and acquisitions."
7/8/15,,
6/19/15,"Texas Instruments tipped as chip industry's next consolidator,DEALTALK-Texas Instruments tipped as chip industry's next consolidator","NEW YORK Texas Instruments Inc (TI)  could be gearing up to make the next big deal in what has already been a record-breaking year for semiconductor M&A, industry bankers and analysts said.,NEW YORK, June 19 Texas Instruments Inc (TI) could be gearing up to make the next big deal in whathas already been a record-breaking year for semiconductor M&A,industry bankers and analysts said."
7/9/15,,
7/11/15,,
6/17/15,,
7/12/15,,
7/10/15,,
7/13/15,,
7/14/15,,
7/15/15,,
7/17/15,,
7/18/15,,
7/19/15,,
7/21/15,,
7/16/15,,
7/22/15,"UPDATE 2-Texas Instruments revenue forecast misses on weak chip demand,Texas Instruments revenue falls 1.8 pct","July 22 Texas Instruments Inc forecastthird-quarter revenue below analysts' expectations due to weakdemand for its chips used in PCs and industrial andcommunications equipment.,July 22 Texas Instruments Inc reported a1.8 percent fall in quarterly revenue, hurt by weak demand forits chips for communications equipment."
7/23/15,,
7/24/15,,
7/25/15,,
7/26/15,,
7/27/15,,
7/29/15,,
7/7/15,,
6/29/15,,
6/22/15,,
7/4/15,,
7/30/15,,
8/1/15,,
7/31/15,,
8/2/15,,
8/4/15,,
8/7/15,,
8/9/15,,
8/3/15,,
8/10/15,,
6/20/15,,
8/11/15,,
8/12/15,,
8/13/15,,
7/28/15,,
8/15/15,,
8/16/15,,
8/14/15,,
8/17/15,,
8/18/15,,
8/22/15,,
7/20/15,,
8/23/15,,
8/21/15,,
8/24/15,,
8/25/15,,
8/26/15,,
8/28/15,,
8/27/15,,
8/29/15,,
8/5/15,,
9/1/15,,
8/31/15,,
9/2/15,,
9/3/15,,
8/8/15,,
9/4/15,,
9/5/15,,
9/6/15,,
9/8/15,,
9/9/15,,
9/10/15,,
9/12/15,,
9/13/15,,
9/14/15,,
9/15/15,,
9/7/15,,
9/17/15,"Texas Instruments sets $7.5 billion buyback plan, raises dividend,Texas Instruments sets $7.5 bln buyback plan, raises dividend","Chipmaker Texas Instruments Inc said it plans to buy back shares worth up to $7.5 billion as part of a new repurchase program.,Sept 17 Chipmaker Texas Instruments Inc said it plans to buy back shares worth up to $7.5 billion aspart of a new repurchase program."
8/20/15,,
9/18/15,,
9/16/15,,
9/19/15,,
9/23/15,,
9/22/15,,
9/24/15,,
9/25/15,,
9/27/15,,
9/26/15,,
9/21/15,,
9/28/15,,
9/29/15,,
09/31/2015,,
10/1/15,,
9/30/15,,
10/3/15,,
10/2/15,,
10/4/15,,
10/6/15,,
10/5/15,,
10/7/15,,
10/8/15,,
10/9/15,,
10/10/15,,
10/11/15,,
10/13/15,,
10/14/15,,
10/15/15,,
10/16/15,,
10/17/15,,
10/18/15,,
10/20/15,,
10/21/15,"Texas Instruments' profit, revenue beat estimates,UPDATE 1-Texas Instruments' profit, revenue beat estimates,Texas Instruments' revenue, profit beat estimates","Texas Instruments Inc reported better-than-expected quarterly profit and revenue, helped by higher sales of its analog and embedded chips.,Oct 21 Texas Instruments Inc reportedbetter-than-expected quarterly profit and revenue, helped byhigher sales of its analog and embedded chips.,Oct 21 Texas Instruments Inc reportedquarterly profit and revenue that beat market expectations,helped by higher sales of its analog and embedded chip products."
10/22/15,,
8/19/15,,
9/11/15,,
10/25/15,,
10/26/15,,
10/27/15,,
10/28/15,Texas Instruments in talks to buy Maxim Integrated - Bloomberg,"Oct 28 Chipmaker Texas Instruments Inc is in talks to buy rival Maxim Integrated Products Inc,Bloomberg reported."
10/23/15,,
10/12/15,,
10/19/15,,
8/30/15,,
10/31/15,,
11/1/15,,
11/2/15,,
11/3/15,,
11/4/15,,
11/6/15,,
11/8/15,,
11/5/15,,
11/9/15,,
11/10/15,,
11/12/15,,
11/13/15,,
9/20/15,,
11/7/15,,
11/11/15,,
11/15/15,,
11/16/15,,
11/18/15,,
11/17/15,,
11/19/15,,
10/24/15,,
11/21/15,,
11/20/15,,
11/23/15,,
8/6/15,,
11/24/15,,
11/25/15,,
11/27/15,,
11/26/15,,
11/28/15,,
11/29/15,,
11/30/15,,
12/2/15,,
11/22/15,,
10/29/15,,
12/1/15,,
12/4/15,,
12/5/15,,
12/6/15,,
12/7/15,,
12/9/15,,
12/10/15,,
12/11/15,,
12/13/15,,
11/14/15,,
12/15/15,,
12/17/15,,
12/16/15,,
12/18/15,,
12/19/15,,
12/21/15,,
12/20/15,,
12/22/15,,
12/23/15,,
10/30/15,,
12/3/15,,
12/24/15,,
12/27/15,,
12/28/15,,
12/29/15,,
12/31/15,,
1/1/16,,
1/2/16,,
1/3/16,,
12/25/15,,
1/4/16,,
1/5/16,,
1/6/16,,
1/8/16,,
12/12/15,,
1/10/16,,
12/26/15,,
12/14/15,,
1/11/16,,
1/12/16,,
1/13/16,,
1/14/16,,
1/15/16,,
1/16/16,,
1/17/16,,
1/18/16,,
1/19/16,,
1/21/16,,
1/20/16,,
12/30/15,,
1/24/16,,
1/23/16,,
1/25/16,,
1/26/16,,
1/27/16,,
1/28/16,,
1/29/16,,
1/30/16,,
1/31/16,,
2/1/16,,
2/2/16,,
1/9/16,,
2/5/16,,
11/31/2015,,
2/7/16,,
2/9/16,,
2/8/16,,
2/10/16,,
2/12/16,,
2/13/16,,
12/8/15,,
2/11/16,,
2/14/16,,
2/15/16,,
2/16/16,,
2/17/16,,
2/20/16,,
1/22/16,,
2/21/16,,
2/22/16,,
2/23/16,,
2/24/16,,
2/26/16,,
1/7/16,,
2/27/16,,
2/29/16,,
02/30/2016,,
2/28/16,,
02/31/2016,,
3/1/16,,
3/2/16,,
2/3/16,,
3/3/16,,
3/4/16,,
3/5/16,,
3/6/16,,
3/9/16,,
2/19/16,,
2/6/16,,
3/12/16,,
3/8/16,,
3/13/16,,
3/14/16,,
3/10/16,,
3/16/16,,
3/18/16,,
3/11/16,,
3/19/16,,
3/21/16,,
2/25/16,,
3/23/16,,
3/17/16,,
3/20/16,,
3/7/16,,
2/18/16,,
3/24/16,,
3/28/16,,
3/26/16,,
3/29/16,,
3/30/16,,
3/31/16,,
4/1/16,,
4/3/16,,
3/15/16,,
4/5/16,,
4/7/16,,
4/8/16,,
4/9/16,,
4/4/16,,
4/2/16,,
4/12/16,,
4/11/16,,
3/25/16,,
4/13/16,,
4/14/16,,
4/16/16,,
4/15/16,,
4/17/16,,
3/22/16,,
4/19/16,,
4/21/16,,
4/20/16,BRIEF-Texas instruments sets quarterly cash dividend of $0.38/share,"* Sets quarterly cash dividend of $0.38per shareSource text for Eikon: Further company coverage:"
4/24/16,,
4/23/16,,
4/22/16,,
3/27/16,,
4/25/16,,
4/26/16,,
4/27/16,,
4/29/16,,
4/28/16,,
4/30/16,,
5/2/16,,
5/3/16,,
5/4/16,,
5/5/16,,
4/10/16,,
5/7/16,,
5/8/16,,
5/10/16,,
5/11/16,,
2/4/16,,
5/13/16,,
5/14/16,,
4/18/16,,
5/16/16,,
5/17/16,,
5/6/16,,
04/31/2016,,
5/9/16,,
5/18/16,,
5/19/16,,
5/20/16,,
5/22/16,,
5/24/16,,
5/23/16,,
4/6/16,,
5/12/16,,
5/26/16,,
5/27/16,,
5/29/16,,
5/28/16,,
5/30/16,,
5/31/16,,
6/1/16,,
6/2/16,,
6/3/16,,
6/4/16,,
6/5/16,,
6/6/16,,
6/7/16,,
6/8/16,,
6/9/16,,
6/10/16,,
5/21/16,,
6/11/16,,
6/13/16,,
6/14/16,,
6/12/16,,
6/15/16,,
6/16/16,BRIEF-Texas Instruments elects Jean Hobby to board of directors,"* Jean Hobby to join TI board of directorsSource text for Eikon: Further company coverage:  (Bengaluru Newsroom: +1 646 223 8780)"
6/18/16,,
6/19/16,,
5/1/16,,
6/21/16,,
6/25/16,,
6/26/16,,
6/27/16,,
6/22/16,,
6/29/16,,
6/17/16,,
6/20/16,,
5/15/16,,
6/23/16,,
6/24/16,,
6/28/16,,
7/4/16,,
7/3/16,,
7/5/16,,
7/6/16,,
7/8/16,,
5/25/16,,
7/11/16,,
7/10/16,,
7/12/16,,
6/30/16,,
7/14/16,,
7/16/16,,
06/31/2016,,
7/18/16,,
7/19/16,,
7/1/16,,
7/20/16,,
7/7/16,,
7/21/16,BRIEF-Texas Instruments sets qtrly dividend of $0.38 per share,"* Sets quarterly cash dividend of $0.38per shareSource text for Eikon: Further company coverage:  (Bengaluru Newsroom: +1-646-223-8780)"
7/15/16,,
7/22/16,,
7/13/16,,
7/23/16,,
7/26/16,,
7/27/16,,
7/25/16,"Texas Instruments forecasts strong third quarter,UPDATE 1-Texas Instruments forecasts strong 3rd qtr,BRIEF-Texas Instruments reports Q2 2016 financial results,Texas Instruments profit rises 12 pct","Texas Instruments Inc  forecast revenue and profit for the current quarter largely above analysts' estimates, helped by strong demand for its chips used in the automotive, industrial and communications markets.,July 25 Texas Instruments Inc forecastrevenue and profit for the current quarter largely aboveanalysts' estimates, helped by strong demand for its chips usedin the automotive, industrial and communications markets.,* Q3 earnings per share view $0.81, revenue view $3.38billion -- Thomson Reuters I/B/E/S,July 25 Texas Instruments Inc reported a12 percent rise in second-quarter profit, helped by strongdemand for its chips used in the automotive, industrial andcommunications equipment markets."
7/28/16,,
7/30/16,,
8/2/16,,
8/3/16,,
7/9/16,,
8/5/16,,
7/24/16,,
7/17/16,,
8/7/16,,
8/8/16,,
8/4/16,,
7/2/16,,
8/10/16,,
8/9/16,,
8/12/16,,
8/11/16,,
8/13/16,,
8/16/16,,
8/17/16,,
8/18/16,,
8/19/16,,
8/20/16,,
8/21/16,,
8/22/16,,
8/23/16,,
8/25/16,,
8/15/16,,
8/6/16,,
8/14/16,,
8/27/16,,
8/26/16,,
8/28/16,,
7/29/16,,
8/30/16,,
8/31/16,,
7/31/16,,
8/1/16,,
9/3/16,,
9/6/16,,
8/29/16,,
9/8/16,,
9/9/16,,
9/10/16,,
9/11/16,,
9/12/16,,
9/13/16,,
9/15/16,,
9/4/16,,
9/14/16,,
9/18/16,,
9/19/16,,
9/20/16,,
9/21/16,,
9/17/16,,
9/5/16,,
9/22/16,,
9/23/16,,
9/24/16,,
9/25/16,,
9/26/16,,
9/27/16,,
9/28/16,,
9/29/16,,
9/30/16,,
09/31/2016,,
10/1/16,,
10/2/16,,
10/3/16,,
10/5/16,,
10/4/16,,
8/24/16,,
10/6/16,,
10/10/16,,
10/7/16,,
10/8/16,,
10/9/16,,
10/13/16,,
10/12/16,,
10/14/16,,
10/16/16,,
10/17/16,,
10/15/16,,
10/11/16,,
10/18/16,,
10/19/16,,
10/22/16,,
10/23/16,,
10/20/16,,
10/26/16,BRIEF-TI Q3 earnings per share $0.94,"* TI reports 3Q16 financial results and shareholder returns,including 32% dividend increase"
10/27/16,,
10/28/16,,
10/29/16,,
10/30/16,,
10/24/16,,
10/21/16,,
10/31/16,,
9/2/16,,
11/4/16,,
11/5/16,,
9/1/16,,
11/7/16,,
11/8/16,,
9/7/16,,
11/10/16,,
9/16/16,,
11/12/16,,
11/11/16,,
11/9/16,,
11/6/16,,
11/1/16,,
11/14/16,,
11/13/16,,
11/15/16,,
11/16/16,,
11/17/16,,
11/18/16,,
11/20/16,,
11/22/16,,
11/21/16,,
11/23/16,,
11/24/16,,
11/26/16,,
11/25/16,,
11/28/16,,
11/31/2016,,
10/25/16,,
12/2/16,,
12/3/16,,
11/29/16,,
11/3/16,,
12/4/16,,
11/30/16,,
12/8/16,,
12/9/16,,
12/7/16,,
12/10/16,,
11/27/16,,
12/12/16,,
12/14/16,,
12/13/16,,
12/6/16,,
11/19/16,,
12/17/16,,
12/18/16,,
12/19/16,,
12/20/16,,
12/21/16,,
12/22/16,,
12/23/16,,
12/5/16,,
12/24/16,,
12/25/16,,
12/27/16,,
12/28/16,,
12/30/16,,
12/16/16,,
12/11/16,,
12/1/16,,
1/1/17,,
1/2/17,,
11/2/16,,
1/4/17,,
1/6/17,,
1/5/17,,
1/7/17,,
1/8/17,,
1/9/17,,
1/10/17,,
1/12/17,,
1/13/17,,
1/14/17,,
1/15/17,,
1/16/17,,
1/18/17,,
12/15/16,,
1/20/17,,
1/21/17,,
12/26/16,,
1/11/17,,
12/31/16,,
1/22/17,,
1/23/17,,
1/25/17,,
1/3/17,,
1/24/17,"BRIEF-Texas Instruments says hopeful for some tax relief out of Washington,Texas Instruments quarterly revenue beats on automotive demand,UPDATE 2-Texas Instruments quarterly revenue beats on automotive demand,BRIEF-TI Q4 earnings per share $1.02","* Texas Instruments Inc - inventory in the quarter was evencompared to a year ago - Conf Call,Chipmaker Texas Instruments Inc  reported higher-than-expected quarterly revenue, helped by strong demand for its analog and embedded chip products from the automotive and industrial markets.,Jan 24 Chipmaker Texas Instruments Inc reported higher-than-expected quarterly revenue, helped bystrong demand for its analog and embedded chip products from theautomotive and industrial markets.,* Ti reports 4Q16 and 2016 financial results and shareholderreturns"
1/26/17,,
1/28/17,,
1/29/17,,
1/30/17,,
2/1/17,,
2/2/17,,
2/3/17,,
2/4/17,,
2/5/17,,
1/19/17,,
1/27/17,,
2/6/17,,
2/8/17,,
12/29/16,,
2/10/17,,
2/9/17,,
2/12/17,,
2/13/17,,
2/15/17,,
2/16/17,,
2/17/17,,
2/18/17,,
2/20/17,,
2/21/17,,
2/14/17,,
1/17/17,,
2/22/17,,
2/25/17,,
2/26/17,,
2/27/17,,
2/24/17,,
2/7/17,,
2/19/17,,
3/1/17,,
02/31/2017,,
3/2/17,,
3/3/17,,
3/4/17,,
2/11/17,,
02/29/2017,,
3/7/17,,
2/23/17,,
3/8/17,,
3/10/17,,
3/11/17,,
3/9/17,,
3/13/17,,
3/12/17,,
3/14/17,,
3/15/17,,
3/17/17,,
3/16/17,,
2/28/17,,
02/30/2017,,
3/19/17,,
3/18/17,,
3/20/17,,
1/31/17,,
3/21/17,,
3/22/17,,
3/24/17,,
3/25/17,,
3/26/17,,
3/23/17,,
3/27/17,,
3/28/17,,
3/29/17,,
3/30/17,,
3/31/17,,
4/1/17,,
4/2/17,,
4/4/17,,
4/3/17,,
4/6/17,,
4/7/17,,
4/10/17,,
4/11/17,,
4/12/17,,
4/13/17,,
4/15/17,,
4/16/17,,
4/17/17,,
4/18/17,,
4/19/17,BRIEF-Texas Instruments reports quarterly dividend of 50 cents/shr,"* Texas Instruments Inc - declared a quarterly cash dividendof $0.50 per share of common stockSource text for Eikon:Further company coverage:"
4/20/17,,
4/21/17,,
4/14/17,,
3/6/17,,
4/22/17,,
4/23/17,,
4/27/17,BRIEF-Texas Instruments prices $600 mln of investment grade notes,"* Texas Instruments prices $600 million of investment gradenotes"
4/28/17,,
3/5/17,,
4/26/17,,
4/25/17,"BRIEF-Texas Instruments sees Q2 earnings per share $0.89-$1.01,Texas Instruments' quarterly revenue beats estimates,UPDATE 1-Texas Instruments' quarterly revenue beats estimates,Texas Instruments' quarterly revenue rises 13.1 pct","* Q1 earnings per share view $0.83 -- Thomson ReutersI/B/E/S,Chipmaker Texas Instruments Inc  reported a higher-than-expected 13.1 percent increase in quarterly revenue on Tuesday, helped by demand from its automotive and industrial customers.,April 25 Chipmaker Texas Instruments Increported a higher-than-expected 13.1 percent increase inquarterly revenue on Tuesday, helped by demand from itsautomotive and industrial customers.,April 25 Chipmaker Texas Instruments Increported a 13.1 percent increase in quarterly revenue onTuesday, helped by demand from its automotive and industrialcustomers."
4/24/17,,
4/5/17,,
4/30/17,,
5/1/17,Fitch Rates Texas Instruments Senior Notes 'A+'; Outlook Stable,"(The following statement was released by the rating agency)CHICAGO, May 01 (Fitch) Fitch Ratings has assigned an 'A+'rating to TexasInstruments Incorporated's (TI) $600 million senior notesoffering, comprised of$300 million of 2.75% senior notes due March 12, 2021 and $300million of 2.625%senior notes due May 15, 2024.Fitch expects the company will use a portion of net proceeds torepay $375million of senior notes maturing June 15, 2017 (assumed inconnection with the2011 acquisition o"
04/31/2017,Fitch Rates Texas Instruments Senior Notes 'A+'; Outlook Stable,"(The following statement was released by the rating agency)CHICAGO, May 01 (Fitch) Fitch Ratings has assigned an 'A+'rating to TexasInstruments Incorporated's (TI) $600 million senior notesoffering, comprised of$300 million of 2.75% senior notes due March 12, 2021 and $300million of 2.625%senior notes due May 15, 2024.Fitch expects the company will use a portion of net proceeds torepay $375million of senior notes maturing June 15, 2017 (assumed inconnection with the2011 acquisition o"
5/4/17,,
5/5/17,,
5/6/17,,
5/7/17,,
4/8/17,,
5/8/17,,
5/10/17,,
5/11/17,,
5/12/17,,
5/13/17,,
5/15/17,,
5/16/17,,
5/17/17,,
5/18/17,,
5/20/17,,
4/9/17,,
5/22/17,,
5/9/17,,
5/3/17,,
5/23/17,,
5/2/17,,
5/24/17,,
5/27/17,,
5/28/17,,
5/29/17,,
5/30/17,,
4/29/17,,
5/31/17,,
6/1/17,,
6/2/17,,
6/4/17,,
6/5/17,,
6/7/17,,
6/8/17,,
5/14/17,,
5/19/17,,
6/9/17,,
6/11/17,,
6/13/17,,
6/14/17,,
5/21/17,,
6/10/17,,
6/15/17,,
6/16/17,,
6/18/17,,
6/17/17,,
6/19/17,,
6/22/17,,
6/12/17,,
6/6/17,,
6/24/17,,
6/26/17,,
6/27/17,,
6/28/17,,
6/29/17,,
6/25/17,,
06/31/2017,,
7/1/17,,
7/2/17,,
7/3/17,,
7/4/17,,
6/23/17,,
7/6/17,,
7/7/17,,
7/8/17,,
6/30/17,,
7/9/17,,
6/3/17,,
5/26/17,,
5/25/17,,
7/10/17,,
7/12/17,,
7/13/17,,
7/11/17,,
7/15/17,,
7/16/17,,
7/17/17,,
7/18/17,,
7/20/17,,
7/21/17,,
7/22/17,,
7/23/17,,
7/25/17,,
7/26/17,,
7/24/17,,
6/20/17,,
7/27/17,,
7/28/17,,
7/30/17,,
7/29/17,,
7/31/17,,
8/1/17,,
8/2/17,,
8/5/17,,
8/4/17,,
8/6/17,,
8/7/17,,
8/9/17,,
6/21/17,,
8/10/17,,
8/11/17,,
8/13/17,,
8/12/17,,
8/14/17,,
8/15/17,,
8/16/17,,
8/17/17,,
8/18/17,,
8/19/17,,
7/5/17,,
8/20/17,,
8/22/17,,
8/23/17,,
8/24/17,,
8/26/17,,
8/25/17,,
8/27/17,,
8/30/17,,
8/31/17,,
7/19/17,,
7/14/17,,
9/1/17,,
9/2/17,,
9/3/17,,
9/4/17,,
9/7/17,,
8/3/17,,
9/8/17,,
9/9/17,,
9/10/17,,
9/11/17,,
9/12/17,,
9/13/17,,
9/14/17,,
8/8/17,,
9/17/17,,
9/18/17,,
9/16/17,,
9/20/17,,
9/21/17,,
8/21/17,,
9/22/17,,
9/23/17,,
9/24/17,,
8/28/17,,
8/29/17,,
9/26/17,,
9/29/17,,
9/30/17,,
09/31/2017,,
10/1/17,,
10/2/17,,
9/28/17,,
10/4/17,,
9/5/17,,
9/6/17,,
10/6/17,,
10/7/17,,
10/9/17,,
10/10/17,,
10/11/17,,
10/12/17,,
10/13/17,,
10/14/17,,
10/15/17,,
10/16/17,,
10/8/17,,
10/17/17,,
10/18/17,,
10/19/17,,
10/20/17,,
10/21/17,,
10/23/17,,
10/24/17,,
10/3/17,,
10/26/17,,
10/22/17,,
10/28/17,,
9/19/17,,
9/15/17,,
10/5/17,,
10/29/17,,
10/30/17,,
11/1/17,,
11/3/17,,
11/4/17,,
11/2/17,,
11/5/17,,
11/7/17,,
11/6/17,,
11/9/17,,
9/27/17,,
11/12/17,,
11/11/17,,
10/27/17,,
10/25/17,,
11/14/17,,
11/13/17,,
11/16/17,,
11/18/17,,
11/19/17,,
11/21/17,,
11/22/17,,
11/10/17,,
11/15/17,,
11/17/17,,
11/26/17,,
11/23/17,,
9/25/17,,
11/27/17,,
11/29/17,,
10/31/17,,
11/30/17,,
12/1/17,,
12/2/17,,
12/3/17,,
12/4/17,,
12/5/17,,
12/6/17,,
12/7/17,,
12/8/17,,
12/10/17,,
12/11/17,,
12/12/17,,
11/24/17,,
12/14/17,,
12/15/17,,
12/16/17,,
12/17/17,,
12/9/17,,
12/18/17,,
11/8/17,,
11/20/17,,
12/19/17,,
12/21/17,,
12/22/17,,
12/25/17,,
12/20/17,,
12/23/17,,
12/24/17,,
12/13/17,,
12/27/17,,
12/26/17,,
12/29/17,,
12/31/17,,
12/30/17,,
12/28/17,,
11/28/17,,
11/31/2017,,
11/25/17,,